<?xml version="1.0" encoding="UTF-8" standalone="yes"?>
<manifest>
  <control namespace="MuhammetAtalay.Xrm.PCF" constructor="NoteIt" version="0.0.1" display-name-key="MuhammetAtalay.XRM.PCF.NoteIt.DataSetInstance.Name" description-key="MuhammetAtalay.XRM.PCF.NoteIt.DataSetInstance.Description" control-type="standard" api-version="1.2.3">
    <data-set name="dataSetInstance" display-name-key="MuhammetAtalay.XRM.PCF.NoteIt.DataSetInstance.DisplayKey"/>
    <property name="columnNumberDisplayed" display-name-key="MuhammetAtalay.XRM.PCF.NoteIt.columnNumberDisplayed.DisplayKey" description-key="MuhammetAtalay.XRM.PCF.NoteIt.columnNumberDisplayed.Description" of-type="Whole.None" usage="input" required="false" default-value="3"/>
    <resources>
      <code path="bundle.js" order="1"/>
      <css path="css/NoteIt.css" order="1"/>
      <resx path="strings/NoteIt.1033.resx" version="1.0.0"/>
      <img path="img/NoteIt_300x300.png"/>
    </resources>
    <built-by name="pac" version="1.3.6"/>
  </control>
</manifest>